{"cameraMode":{"drawMode":0,"name":"Shaded","section":"Shading Mode"},"sceneLighting":false,"audioPlay":false,"sceneViewState":{"showFog":true,"showMaterialUpdate":false,"showSkybox":true,"showFlares":true,"showImageEffects":true,"showParticleSystems":true},"in2DMode":false,"pivot":{"x":85.54624938964844,"y":164.22763061523438,"z":-638.177490234375},"rotation":{"x":-0.10183732956647873,"y":-0.07543345540761948,"z":0.007744637783616781,"w":-0.9919082522392273},"size":0.38755521178245547,"orthographic":false}